#timestamp, p_x [m], p_y [m], p_z [m], q_x [], q_y [], q_z [], q_w []
1403715280.705579,0.996888,2.279395,1.342168,-0.004127,0.008864,0.067820,0.997650
1403715280.745472,1.003996,2.285719,1.348074,-0.003875,0.008262,0.058796,0.998228
1403715280.825434,1.018667,2.297168,1.358276,-0.000712,0.007448,0.040094,0.999168
1403715280.915434,1.035648,2.310114,1.368363,-0.000797,0.008032,0.016371,0.999833
1403715280.995431,1.050209,2.321957,1.376159,-0.000855,0.007692,0.000143,0.999970
1403715281.065538,1.063689,2.331689,1.382669,-0.000038,0.007382,-0.010421,0.999918
1403715281.165364,1.082411,2.345219,1.391655,0.001650,0.004804,-0.021923,0.999747
1403715281.245390,1.097660,2.356475,1.398287,-0.000047,0.006124,-0.030498,0.999516
1403715281.315510,1.111743,2.365698,1.403061,-0.000451,0.007750,-0.038671,0.999222
1403715281.425498,1.133104,2.379820,1.407809,-0.000077,0.009445,-0.054400,0.998475
1403715281.495482,1.147528,2.389312,1.410380,-0.002549,0.012002,-0.068426,0.997581
1403715281.645387,1.179364,2.407825,1.411413,-0.002080,0.012472,-0.104813,0.994412
1403715281.785466,1.211173,2.425691,1.408594,-0.004337,0.013878,-0.144737,0.989363
1403715281.965557,1.255315,2.448113,1.398304,-0.004303,0.014036,-0.199376,0.979813
1403715282.125446,1.298971,2.467315,1.383921,-0.002533,0.015971,-0.247214,0.968826
1403715282.325551,1.359199,2.490010,1.362705,-0.002703,0.016871,-0.299870,0.953827
1403715282.475422,1.409728,2.506180,1.345463,-0.004935,0.019458,-0.338445,0.940772
1403715282.585492,1.448785,2.517473,1.330953,-0.002554,0.016209,-0.365669,0.930600
1403715282.745574,1.511769,2.535294,1.309280,-0.015492,0.018676,-0.401310,0.915621
1403715282.885410,1.565486,2.547081,1.287351,0.000776,0.006812,-0.432320,0.901694
1403715282.995450,1.610186,2.558522,1.270421,0.000460,0.005786,-0.455965,0.889979
1403715283.135454,1.666297,2.572772,1.247975,-0.007216,0.003862,-0.486357,0.873722
1403715283.295350,1.726239,2.588085,1.224865,-0.005883,0.003272,-0.518421,0.855099
1403715283.455554,1.779426,2.602830,1.204178,-0.005033,0.000374,-0.547665,0.836682
1403715283.525487,1.800987,2.609803,1.197257,0.001943,0.002889,-0.562985,0.826460
1403715283.635435,1.833133,2.618790,1.186108,0.004302,0.009359,-0.579941,0.814593
1403715283.775614,1.870858,2.627560,1.172676,0.005966,0.012886,-0.592719,0.805284
1403715283.795433,1.876007,2.628698,1.170472,0.003395,0.013377,-0.594536,0.803950
1403715283.865414,1.893491,2.632971,1.163674,0.002782,0.008569,-0.598035,0.801419
1403715283.985524,1.923137,2.636904,1.150134,0.004570,0.004754,-0.600879,0.799312
1403715284.205551,1.976436,2.638661,1.126752,0.009410,0.014744,-0.601525,0.798662
1403715284.355501,2.005603,2.632487,1.111885,0.022694,0.006463,-0.597418,0.801583
1403715284.475695,2.026755,2.623252,1.103396,0.018450,0.007045,-0.594392,0.803933
1403715284.605481,2.047756,2.608982,1.095254,0.004509,0.012374,-0.590410,0.806996
1403715284.675425,2.057761,2.599972,1.089324,-0.006571,0.015712,-0.587381,0.809132
1403715284.905465,2.090528,2.568784,1.080127,-0.009436,0.008732,-0.592290,0.805622
1403715285.075519,2.111005,2.549088,1.073093,-0.003674,-0.016171,-0.613687,0.789375
1403715285.205455,2.129187,2.540168,1.075026,-0.005798,-0.013129,-0.638060,0.769853
1403715285.305453,2.139736,2.535861,1.081896,0.001526,-0.007675,-0.653785,0.756640
1403715285.395636,2.145301,2.532739,1.096258,0.013235,-0.005330,-0.664437,0.747208
1403715285.505586,2.149116,2.529325,1.129954,0.021751,-0.000609,-0.671368,0.740805
1403715285.635551,2.147924,2.522985,1.183456,0.025630,0.002514,-0.676794,0.735722
1403715285.685897,2.146167,2.519454,1.203003,0.019723,0.006858,-0.677283,0.735426
1403715285.775473,2.137196,2.511460,1.238725,0.029982,-0.003250,-0.678668,0.733825
1403715285.935543,2.118804,2.492148,1.296163,0.016402,0.008145,-0.681812,0.731299
1403715286.135689,2.091459,2.458200,1.357487,-0.002114,0.030056,-0.681939,0.730788
1403715286.285399,2.064889,2.426022,1.395307,0.013862,0.014491,-0.682457,0.730650
1403715286.375661,2.052453,2.404219,1.416154,0.012893,0.015085,-0.682963,0.730183
1403715286.435611,2.044261,2.387939,1.427842,0.010976,0.015647,-0.683084,0.730090
1403715286.575587,2.027275,2.348570,1.455040,0.006292,0.016067,-0.683923,0.729350
1403715286.785557,2.004585,2.285659,1.488348,-0.000471,0.002550,-0.697690,0.716395
1403715287.005615,1.990012,2.215252,1.517436,0.003675,0.015861,-0.715419,0.698506
1403715287.125519,1.985973,2.175889,1.532271,0.003095,0.017988,-0.720599,0.693112
1403715287.275488,1.984810,2.125902,1.549815,-0.004964,0.011765,-0.726033,0.687542
1403715287.415576,1.988928,2.078510,1.567748,-0.008869,0.009703,-0.728285,0.685148
1403715287.675566,1.995371,1.996512,1.605549,0.011318,-0.009459,-0.743021,0.669106
1403715287.866401,1.993365,1.942492,1.638353,0.010866,-0.009891,-0.769466,0.638518
1403715288.065491,1.980932,1.893372,1.674479,0.000403,-0.011552,-0.802974,0.595903
1403715288.165594,1.971330,1.873066,1.690373,0.000697,-0.012863,-0.818337,0.574594
1403715288.335702,1.953725,1.844491,1.696789,0.000208,-0.008469,-0.832999,0.553209
1403715288.565601,1.925764,1.816364,1.675041,0.002153,-0.008308,-0.839646,0.543067
1403715288.755632,1.897395,1.804012,1.696206,0.004690,-0.010713,-0.840002,0.542458
1403715288.936126,1.868859,1.798321,1.711266,-0.000457,-0.004770,-0.840663,0.541538
1403715289.015652,1.856751,1.795471,1.705897,0.000583,0.003050,-0.843465,0.537175
1403715289.105676,1.842635,1.793320,1.688927,0.000567,0.007264,-0.849163,0.528081
1403715289.195581,1.828516,1.791183,1.662799,-0.000183,0.005183,-0.854066,0.520139
1403715289.285649,1.817198,1.787822,1.637916,-0.000429,0.011591,-0.859786,0.510522
1403715289.395513,1.803090,1.782812,1.603810,0.000379,-0.012034,0.867420,-0.497431
1403715289.515651,1.792011,1.774126,1.564692,-0.001370,-0.016394,0.877514,-0.479269
1403715289.595598,1.784502,1.767752,1.535993,-0.005310,-0.012965,0.885242,-0.464919
1403715289.735625,1.772851,1.751094,1.482347,-0.013304,-0.012297,0.894511,-0.446678
1403715289.885614,1.762107,1.728031,1.436094,-0.012803,-0.009216,0.897983,-0.439748
1403715289.985478,1.755310,1.707806,1.419126,-0.013594,-0.011355,0.897698,-0.440256
1403715290.155649,1.742735,1.668086,1.416819,-0.011173,-0.008305,0.893478,-0.448890
1403715290.335696,1.730239,1.615294,1.443067,-0.016603,-0.016147,0.887275,-0.460659
1403715290.425563,1.723755,1.585785,1.455543,-0.023130,-0.013321,0.885865,-0.463175
1403715290.455603,1.721887,1.574936,1.459198,-0.024972,-0.015899,0.884892,-0.464855
1403715290.595518,1.711766,1.522272,1.471505,-0.024647,-0.006267,0.883208,-0.468292
1403715290.735558,1.701332,1.462112,1.480940,-0.017354,-0.005868,0.883939,-0.467244
1403715290.795732,1.696927,1.436238,1.483560,-0.013484,-0.002835,0.884452,-0.466427
1403715290.925682,1.685989,1.377246,1.489138,-0.013370,0.001393,0.885554,-0.464341
1403715291.085637,1.671196,1.306045,1.492059,-0.016435,0.016438,0.888584,-0.458124
1403715291.215612,1.655571,1.252251,1.492529,-0.021556,0.033129,0.891951,-0.450402
1403715291.415665,1.622666,1.179219,1.484288,-0.021917,0.037226,0.899576,-0.434622
1403715291.475568,1.610054,1.160044,1.479768,-0.022388,0.032397,0.901900,-0.430146
1403715291.575688,1.585721,1.131038,1.470631,-0.024931,0.027518,0.907083,-0.419311
1403715291.775590,1.523418,1.083153,1.449966,-0.031132,0.027384,0.914315,-0.402875
1403715291.935775,1.464156,1.046882,1.431947,-0.020281,0.004959,0.917886,-0.396294
1403715292.085618,1.401126,1.013307,1.413145,-0.020189,-0.002198,0.919826,-0.391801
1403715292.205623,1.348147,0.982732,1.396428,-0.021679,-0.005323,0.916349,-0.399757
1403715292.325561,1.294663,0.948612,1.379434,-0.020845,-0.007254,0.908215,-0.417921
1403715292.485583,1.222760,0.894850,1.359325,-0.020921,-0.012187,0.891513,-0.452347
1403715292.615798,1.166507,0.846583,1.345889,-0.010078,-0.010159,0.873391,-0.486810
1403715292.795645,1.096242,0.775434,1.334127,-0.013649,0.007071,-0.841969,0.539307
1403715292.915538,1.058291,0.726951,1.341981,-0.017990,0.011077,-0.820222,0.571654
1403715293.035575,1.026707,0.679522,1.367450,-0.010259,0.004596,-0.798728,0.601588
1403715293.145775,1.001766,0.636116,1.401331,-0.004638,0.001355,-0.780049,0.625700
1403715293.335716,0.964728,0.566932,1.461052,-0.001607,-0.009602,-0.747258,0.664462
1403715293.435618,0.946223,0.533880,1.491410,-0.005082,-0.015610,-0.730367,0.682858
1403715293.565604,0.923114,0.494952,1.532506,-0.009751,-0.013702,-0.711751,0.702230
1403715293.695623,0.898134,0.459266,1.573555,-0.003683,-0.007142,-0.693160,0.720739
1403715293.815586,0.876046,0.431301,1.613503,-0.003579,0.001826,-0.677770,0.735263
1403715294.055611,0.825173,0.378718,1.677438,0.003424,-0.000465,-0.638479,0.769631
1403715294.205731,0.791948,0.349152,1.687028,0.003404,-0.010353,-0.612504,0.790392
1403715294.255777,0.780885,0.339337,1.684191,0.002596,-0.011555,-0.604170,0.796767
1403715294.335760,0.762708,0.325769,1.672346,-0.000612,-0.012856,-0.590119,0.807214
1403715294.515600,0.716890,0.298460,1.624272,-0.001635,-0.014976,-0.553750,0.832546
1403715294.675724,0.674484,0.278505,1.579316,0.000749,-0.001810,-0.521786,0.853074
1403715294.825680,0.636085,0.262189,1.538329,-0.001415,0.010785,-0.490837,0.871184
1403715295.005713,0.592580,0.245235,1.490286,-0.004546,0.006734,-0.453385,0.891278
1403715295.155687,0.563079,0.232095,1.455297,-0.005556,-0.000678,-0.422817,0.906198
1403715295.305668,0.534359,0.221048,1.432445,-0.002381,-0.008444,-0.392163,0.919854
1403715295.445708,0.508894,0.214426,1.436147,-0.004503,-0.003358,-0.358343,0.933573
1403715295.615699,0.476548,0.208609,1.446284,-0.005058,-0.001266,-0.317686,0.948182
1403715295.735695,0.453887,0.208548,1.431886,-0.016825,0.000524,-0.300460,0.953646
1403715295.955635,0.407767,0.211548,1.383252,-0.008046,-0.011929,-0.265594,0.963977
1403715296.095704,0.372394,0.214934,1.344298,0.011146,-0.019260,-0.247307,0.968682
1403715296.275824,0.324853,0.217717,1.290964,0.017853,0.004264,-0.227134,0.973690
1403715296.395594,0.291011,0.213377,1.260429,0.018891,0.020560,-0.210606,0.977172
1403715296.585618,0.240602,0.190322,1.242148,0.024112,0.026171,-0.186850,0.981744
1403715296.675647,0.219804,0.173762,1.242890,0.019161,0.020036,-0.179436,0.983379
1403715296.865645,0.184567,0.130883,1.246983,0.000150,0.012368,-0.168358,0.985648
1403715297.015682,0.160098,0.093125,1.246622,-0.007648,0.005491,-0.149441,0.988726
1403715297.165713,0.143811,0.051348,1.243675,0.006546,0.018654,-0.120295,0.992541
1403715297.315720,0.134192,0.005812,1.234994,0.016062,0.032872,-0.080873,0.996053
1403715297.465698,0.136361,-0.046998,1.219611,0.011830,0.035693,-0.040603,0.998468
1403715297.615717,0.152324,-0.108741,1.204414,0.010011,0.032931,-0.005518,0.999392
1403715297.755708,0.182407,-0.173039,1.190071,0.023550,0.040005,0.019694,0.998728
1403715297.925737,0.232324,-0.257958,1.176904,0.022219,0.017648,0.052374,0.998224
1403715298.065922,0.277923,-0.336771,1.168787,0.029415,-0.015305,0.083221,0.995979
1403715298.225716,0.325540,-0.427544,1.162808,-0.005585,-0.032761,0.123470,0.991792
1403715298.325871,0.349181,-0.482560,1.160908,-0.028303,-0.029107,0.149463,0.987933
1403715298.415752,0.365279,-0.528190,1.160869,-0.039805,-0.023870,0.163104,0.985517
1403715298.515756,0.378005,-0.573254,1.162866,-0.048483,-0.017180,0.172883,0.983598
1403715298.695660,0.385068,-0.626548,1.171295,-0.064237,-0.016583,0.180481,0.981339
1403715298.805712,0.379252,-0.639420,1.179846,-0.069019,-0.019687,0.180542,0.980945
1403715298.905858,0.373315,-0.640756,1.190970,-0.044352,-0.002338,0.177984,0.983031
1403715299.005778,0.365736,-0.632398,1.200819,-0.017036,0.016630,0.183939,0.982649
1403715299.215719,0.354184,-0.592633,1.221167,0.001847,0.032375,0.210861,0.976978
1403715299.355865,0.358546,-0.558364,1.232907,0.003240,0.033598,0.233941,0.971665
1403715299.545691,0.384202,-0.507893,1.249558,0.003501,0.028886,0.278659,0.959949
1403715299.645844,0.407263,-0.480100,1.255901,0.007370,0.024061,0.304228,0.952267
1403715299.755946,0.437812,-0.449116,1.262233,0.008511,0.019461,0.335268,0.941883
1403715299.905809,0.486257,-0.407131,1.266485,0.009097,0.017436,0.377621,0.925751
1403715300.035779,0.534193,-0.372399,1.269398,0.009893,0.012153,0.413947,0.910166
1403715300.125697,0.568507,-0.350361,1.269665,0.015921,0.004535,0.432299,0.901578
1403715300.275888,0.622198,-0.312369,1.270040,0.002036,-0.017199,0.452304,0.891695
1403715300.505930,0.696765,-0.270240,1.275560,0.017510,-0.022064,0.462158,0.886350
1403715300.655786,0.735618,-0.252478,1.280770,0.022324,-0.017507,0.461263,0.886810
1403715300.825830,0.771916,-0.246664,1.285803,0.021825,-0.017574,0.456357,0.889355
1403715300.935771,0.790725,-0.249553,1.287758,0.012274,-0.022949,0.452807,0.891229
1403715301.095820,0.810822,-0.263951,1.289194,0.001054,-0.030591,0.448272,0.893373
1403715301.265895,0.817787,-0.289122,1.285751,-0.004568,-0.043543,0.444857,0.894531
1403715301.395720,0.809041,-0.315286,1.281139,-0.002503,-0.046910,0.444007,0.894791
1403715301.505852,0.792504,-0.339843,1.273741,0.001641,-0.037592,0.443469,0.895500
1403715301.585810,0.775860,-0.358658,1.267405,0.002096,-0.023407,0.443527,0.895953
1403715301.685743,0.752487,-0.384210,1.257165,0.004375,-0.007419,0.442691,0.896633
1403715301.805809,0.719836,-0.416603,1.241508,0.005197,-0.003918,0.440888,0.897538
1403715301.895882,0.692656,-0.440695,1.230535,-0.003960,-0.009829,0.438976,0.898436
1403715301.995708,0.660824,-0.466966,1.219257,-0.004759,-0.009254,0.433843,0.900929
1403715302.085715,0.630326,-0.490017,1.210917,-0.012082,-0.011795,0.433186,0.901147
1403715302.145774,0.609798,-0.504968,1.206404,-0.011789,-0.009765,0.432125,0.901684
1403715302.225918,0.580056,-0.523312,1.201683,-0.013557,-0.005468,0.428414,0.903464
1403715302.315995,0.543873,-0.540042,1.198359,-0.022625,-0.003274,0.428524,0.903241
1403715302.425901,0.496350,-0.557445,1.196645,-0.030458,-0.004480,0.421828,0.906153
1403715302.525888,0.453603,-0.571150,1.197622,-0.018947,-0.000588,0.417643,0.908413
1403715302.605867,0.419160,-0.579062,1.198238,-0.004811,0.006854,0.414740,0.909901
1403715302.735847,0.362368,-0.587263,1.199589,-0.001153,0.014348,0.412379,0.910898
1403715302.825861,0.325294,-0.590682,1.198367,0.001139,0.020201,0.412117,0.910906
1403715302.925821,0.287487,-0.590837,1.194233,-0.002369,0.029558,0.413606,0.909973
1403715302.985771,0.266466,-0.589710,1.191296,-0.004611,0.032818,0.417314,0.908158
1403715303.195826,0.208931,-0.575045,1.178545,-0.010758,0.037058,0.450041,0.892174
1403715303.415834,0.166013,-0.542316,1.164827,-0.012249,0.009365,0.508072,0.861177
1403715303.645964,0.127831,-0.493062,1.157327,-0.011255,-0.001009,0.566862,0.823736
1403715303.745811,0.109104,-0.469537,1.153978,-0.002468,-0.000964,0.591409,0.806368
1403715303.925847,0.074571,-0.429612,1.148232,0.016625,0.000295,0.632195,0.774631
1403715304.085920,0.040998,-0.399017,1.143282,0.017021,-0.004340,0.651413,0.758520
1403715304.355868,-0.007206,-0.367217,1.130059,0.019462,0.003425,0.660431,0.750627
1403715304.525824,-0.030869,-0.359097,1.114190,0.013821,0.004920,0.657042,0.753711
1403715304.655854,-0.046570,-0.357433,1.084466,0.011440,0.000546,0.651039,0.758957
1403715304.706003,-0.052615,-0.356967,1.071205,0.008337,-0.001912,0.650108,0.759794
1403715304.835814,-0.067208,-0.358723,1.037920,0.008619,-0.000723,0.647339,0.762153
1403715304.965922,-0.082557,-0.363607,1.024305,0.002905,-0.002713,0.644094,0.764936
1403715305.065980,-0.095401,-0.368035,1.028509,0.001579,-0.000770,0.642854,0.765987
1403715305.195957,-0.112169,-0.374801,1.043995,0.000899,0.002376,0.641920,0.766768
1403715305.345786,-0.129302,-0.382516,1.057738,0.005081,0.009564,0.644090,0.764873
1403715305.395921,-0.134214,-0.384711,1.061524,0.002220,0.009955,0.645000,0.764114
1403715305.545799,-0.151637,-0.390723,1.080712,-0.000179,0.007083,0.648719,0.760995
1403715305.635854,-0.160207,-0.394322,1.104818,0.002538,0.007977,0.652826,0.757462
1403715305.716021,-0.167761,-0.396996,1.136274,0.002100,0.007990,0.655110,0.755489
1403715305.856013,-0.176535,-0.401869,1.196249,0.008390,0.012636,0.659332,0.751699
1403715305.975847,-0.183524,-0.404424,1.244669,0.000769,0.009808,0.661604,0.749789
1403715306.095964,-0.186958,-0.406228,1.287363,-0.001171,0.012828,0.662380,0.749057
1403715306.195857,-0.188140,-0.406449,1.317913,0.002889,0.016073,0.661358,0.749893
1403715306.305871,-0.184430,-0.407250,1.347922,0.018055,0.020460,0.657383,0.753062
1403715306.395887,-0.177501,-0.408770,1.372032,0.030674,0.020478,0.651066,0.758124
1403715306.445935,-0.170232,-0.410298,1.384851,0.041994,0.022743,0.645177,0.762539
1403715306.565985,-0.150421,-0.418029,1.415391,0.047913,0.014068,0.627972,0.776632
1403715306.605983,-0.141966,-0.422383,1.425291,0.048343,0.010060,0.620246,0.782851
1403715306.716035,-0.113869,-0.439370,1.452759,0.049540,-0.000919,0.599962,0.798493
1403715306.876035,-0.069380,-0.481012,1.489926,0.038770,-0.029644,0.562555,0.825318
1403715307.005850,-0.036171,-0.529280,1.515671,0.017737,-0.047918,0.530629,0.846063
1403715307.095988,-0.018280,-0.568629,1.525218,0.001242,-0.053023,0.505451,0.861224
1403715307.245950,0.000597,-0.638798,1.519038,-0.024043,-0.045605,0.466892,0.882810
1403715307.356010,0.002093,-0.691504,1.498498,-0.034203,-0.035305,0.438776,0.897251
1403715307.456031,-0.002324,-0.737179,1.476835,-0.032467,-0.014924,0.417129,0.908144
1403715307.605911,-0.019360,-0.800239,1.442434,-0.016058,0.005823,0.383378,0.923434
1403715307.775779,-0.042520,-0.860565,1.401095,-0.008721,0.016243,0.344024,0.938780
1403715307.935987,-0.060960,-0.905987,1.359545,-0.016700,0.016983,0.302201,0.952947
1403715308.105993,-0.074208,-0.943007,1.314141,-0.020287,0.017077,0.260492,0.965112
1403715308.266092,-0.081679,-0.965335,1.273957,-0.030031,0.013984,0.224861,0.973828
1403715308.415909,-0.082404,-0.976976,1.236672,-0.022119,0.014744,0.195857,0.980272
1403715308.535938,-0.079621,-0.980637,1.208416,-0.013967,0.017323,0.183226,0.982819
1403715308.725952,-0.067115,-0.976080,1.190044,-0.002489,0.019998,0.175032,0.984356
1403715308.895895,-0.042517,-0.968677,1.205467,0.004020,0.024701,0.177707,0.983765
1403715309.166123,0.020461,-0.960671,1.230761,0.016876,0.018387,0.189360,0.981591
1403715309.376103,0.080981,-0.970914,1.244219,0.034706,-0.004066,0.200999,0.978968
1403715309.496007,0.116558,-0.980412,1.251339,0.017809,-0.006147,0.209409,0.977647
1403715309.676033,0.166915,-1.004387,1.264997,0.002537,-0.003843,0.218142,0.975906
1403715309.855967,0.211749,-1.033851,1.276948,0.008305,0.001161,0.225512,0.974204
1403715310.025938,0.253491,-1.068447,1.285025,0.025227,0.005020,0.228345,0.973241
1403715310.236015,0.299778,-1.125759,1.287819,0.029039,-0.018607,0.217683,0.975410
1403715310.366158,0.323074,-1.170552,1.291472,0.012373,-0.028827,0.199758,0.979343
1403715310.546007,0.343785,-1.241709,1.301432,0.002161,-0.022515,0.170041,0.985177
1403715310.695902,0.351024,-1.299870,1.312060,-0.016569,-0.006128,0.149545,0.988597
1403715310.856008,0.354093,-1.362006,1.321324,-0.006789,0.006061,0.138316,0.990346
1403715311.016034,0.356984,-1.417596,1.328454,-0.004183,0.010994,0.131897,0.991194
1403715311.126050,0.361410,-1.454153,1.331880,0.000608,0.015511,0.126790,0.991808
1403715311.385914,0.387714,-1.543498,1.335717,0.021323,0.023178,0.122272,0.991997
1403715311.696001,0.452498,-1.653330,1.350075,0.000075,0.019473,0.117536,0.992878
1403715311.885944,0.510368,-1.718901,1.360358,-0.008698,0.019798,0.114226,0.993219
1403715312.226125,0.635643,-1.832810,1.376612,-0.002664,0.014183,0.100390,0.994843
1403715312.396012,0.706398,-1.881906,1.385830,-0.006449,0.012126,0.094690,0.995412
1403715312.496012,0.749406,-1.910747,1.390561,-0.003639,0.012179,0.094214,0.995471
1403715312.626031,0.805716,-1.946463,1.390101,-0.003697,0.005506,0.091508,0.995782
1403715312.726043,0.847611,-1.974469,1.386731,-0.006881,-0.005073,0.091830,0.995738
1403715312.926083,0.924584,-2.026075,1.374728,-0.007730,-0.020388,0.102393,0.994505
1403715313.045917,0.959114,-2.048978,1.383198,-0.021186,-0.032509,0.104666,0.993750
1403715313.095957,0.972983,-2.061212,1.391015,-0.012504,-0.029258,0.113143,0.993069
1403715313.235975,0.995685,-2.079118,1.423072,-0.021589,-0.029243,0.114357,0.992774
1403715313.356123,1.008896,-2.095113,1.448838,-0.005672,-0.018796,0.121277,0.992424
1403715313.506125,1.015419,-2.107729,1.477391,-0.009546,-0.008611,0.120943,0.992576
1403715313.775965,1.010716,-2.120327,1.528408,-0.014842,-0.003666,0.103009,0.994563
1403715313.885950,1.005275,-2.120661,1.551374,-0.013632,-0.002303,0.098271,0.995064
1403715313.975917,0.998773,-2.118973,1.568458,-0.008895,-0.003186,0.093951,0.995532
1403715314.085976,0.990044,-2.115396,1.585562,-0.005827,-0.000412,0.088264,0.996080
1403715314.206244,0.979589,-2.106226,1.599071,-0.015769,0.001397,0.067827,0.997572
1403715314.285962,0.972477,-2.099649,1.606733,-0.016542,0.003680,0.049038,0.998653
1403715314.415982,0.961411,-2.082467,1.616536,-0.024190,0.006190,0.017564,0.999534
1403715314.516133,0.953866,-2.065829,1.619876,-0.021554,0.010262,0.001369,0.999714
1403715314.606182,0.948499,-2.048083,1.622238,-0.018486,0.010498,-0.011295,0.999710
1403715314.775961,0.940838,-2.007556,1.623247,-0.017971,0.010707,-0.026750,0.999423
1403715314.856149,0.937502,-1.988600,1.623294,-0.009832,0.008412,-0.029985,0.999467
1403715314.946019,0.935867,-1.961831,1.623004,-0.014102,0.005604,-0.032381,0.999360
1403715315.126038,0.932848,-1.907789,1.623388,-0.003748,0.001958,-0.032101,0.999476
1403715315.266239,0.931448,-1.859770,1.621991,-0.010433,0.002967,-0.033346,0.999385
1403715315.346047,0.931026,-1.832840,1.622616,-0.010526,0.003282,-0.036469,0.999274
1403715315.416050,0.929253,-1.809397,1.622062,-0.010035,0.001658,-0.041553,0.999085
1403715315.526081,0.927021,-1.771648,1.622863,-0.004612,0.000911,-0.056289,0.998403
1403715315.646235,0.923170,-1.730895,1.624053,0.000145,0.000784,-0.073544,0.997292
1403715315.736036,0.919287,-1.699167,1.626031,-0.003233,-0.003635,-0.092351,0.995715
1403715315.816319,0.914649,-1.677216,1.625188,0.018238,-0.002552,-0.104886,0.994314
1403715315.926004,0.906776,-1.644643,1.626948,0.013442,-0.003333,-0.130499,0.991352
1403715315.995960,0.901437,-1.627603,1.624875,0.017199,-0.000032,-0.144957,0.989289
1403715316.096040,0.892187,-1.605624,1.622442,0.016332,-0.000707,-0.167928,0.985664
1403715316.196036,0.882939,-1.585410,1.615840,0.013027,0.003885,-0.193138,0.981077
1403715316.286085,0.875909,-1.567064,1.607726,-0.006856,0.013834,-0.215024,0.976487
1403715316.416135,0.870060,-1.543875,1.591421,-0.012449,0.033938,-0.246487,0.968472
1403715316.506041,0.869580,-1.527556,1.578737,-0.017766,0.038145,-0.261178,0.964373
1403715316.595936,0.874064,-1.509783,1.564433,-0.019042,0.036709,-0.271287,0.961610
1403715316.696043,0.884034,-1.490459,1.545544,-0.012016,0.029561,-0.282383,0.958771
1403715316.786035,0.895211,-1.472223,1.527419,-0.005604,0.016462,-0.294000,0.955647
1403715316.936034,0.926103,-1.438089,1.494507,-0.007925,0.011919,-0.314597,0.949117
1403715317.116081,0.968266,-1.393067,1.455193,-0.010263,0.001986,-0.354428,0.935025
1403715317.176281,0.983884,-1.377143,1.442809,-0.007364,0.004039,-0.370650,0.928735
1403715317.266267,1.006912,-1.353011,1.425727,-0.008055,0.009439,-0.392501,0.919668
1403715317.376248,1.035955,-1.322122,1.406984,-0.008441,0.013166,-0.425624,0.904765
1403715317.406188,1.043008,-1.314444,1.402837,-0.006090,0.009425,-0.432638,0.901498
1403715317.496051,1.065657,-1.290042,1.388186,0.001178,0.005063,-0.456850,0.889528
1403715317.576155,1.088440,-1.268593,1.377077,0.000245,0.009543,-0.477818,0.878407
1403715317.686077,1.115965,-1.240003,1.361975,0.003986,0.004186,-0.505339,0.862902
1403715317.806206,1.145084,-1.211413,1.348394,0.009609,0.000700,-0.532939,0.846099
1403715317.966117,1.178005,-1.177370,1.330613,0.021450,-0.005788,-0.566996,0.823421
1403715318.086098,1.195040,-1.155677,1.318461,0.025135,-0.008332,-0.589198,0.807554
1403715318.276112,1.205462,-1.130527,1.297166,0.024537,-0.005932,-0.609845,0.792118
1403715318.386001,1.200946,-1.120830,1.283150,0.027971,-0.007155,-0.618850,0.784978
1403715318.636165,1.182716,-1.110706,1.255947,0.009835,0.021277,-0.644274,0.764436
1403715318.756258,1.169619,-1.118159,1.242006,0.019655,0.036366,-0.660804,0.749420
1403715318.876133,1.158689,-1.132820,1.228874,0.022828,0.041445,-0.677649,0.733862
1403715319.006062,1.150798,-1.159940,1.212680,0.016151,0.041153,-0.691374,0.721143
1403715319.126036,1.147358,-1.194282,1.199311,0.008495,0.037793,-0.709290,0.703852
1403715319.246268,1.147551,-1.237518,1.188526,-0.001437,0.031281,-0.726070,0.686908
1403715319.396080,1.155596,-1.300653,1.177912,-0.009025,0.036634,-0.748774,0.661751
1403715319.496119,1.164137,-1.345865,1.171388,-0.009679,0.027193,-0.761677,0.647314
1403715319.636152,1.183114,-1.413574,1.165344,-0.008584,0.021329,-0.779841,0.625556
1403715319.776083,1.209118,-1.484452,1.175454,-0.008575,0.020948,-0.790057,0.612615
1403715319.916191,1.240940,-1.558309,1.208796,-0.004360,0.020438,-0.795193,0.605996
1403715320.056182,1.278394,-1.635416,1.251585,-0.004131,0.023659,-0.801902,0.596973
1403715320.196112,1.322820,-1.713591,1.288328,-0.013706,0.023697,-0.812696,0.582045
1403715320.366294,1.382550,-1.808548,1.328908,-0.018418,0.010326,-0.836185,0.548041
1403715320.486164,1.427767,-1.870463,1.353017,-0.010860,-0.011098,-0.857304,0.514576
1403715320.586104,1.470329,-1.920956,1.375181,0.007314,0.009044,0.874964,-0.484049
1403715320.746146,1.533323,-1.985245,1.407076,-0.001883,0.026360,0.899696,-0.435715
1403715320.866234,1.575259,-2.021165,1.426565,-0.014166,0.050141,0.909894,-0.411555
1403715321.036269,1.623444,-2.054460,1.450728,-0.022133,0.048251,0.918683,-0.391413
1403715321.156116,1.646188,-2.065036,1.464868,-0.024991,0.040104,0.922840,-0.382273
1403715321.246287,1.657714,-2.067732,1.475401,-0.020731,0.034317,0.923486,-0.381532
1403715321.386236,1.662043,-2.060110,1.485408,-0.026254,0.036542,0.923202,-0.381673
1403715321.516196,1.655365,-2.044765,1.496780,-0.021063,0.031499,0.923590,-0.381504
1403715321.686214,1.630415,-2.013356,1.509431,-0.021216,0.026336,0.921833,-0.386108
1403715321.856200,1.591285,-1.964084,1.522564,-0.008474,0.042597,0.924432,-0.378866
1403715321.916192,1.575761,-1.943541,1.529154,-0.000629,0.044786,0.925200,-0.376828
1403715322.006176,1.547276,-1.907939,1.537825,-0.002294,0.046439,0.928348,-0.368794
1403715322.076154,1.523184,-1.875759,1.543938,-0.006500,0.043114,0.931071,-0.362224
1403715322.176231,1.485543,-1.825588,1.555254,-0.010611,0.030290,0.934491,-0.354537
1403715322.276189,1.446614,-1.771020,1.564895,-0.010746,0.012154,0.938739,-0.344248
1403715322.336106,1.421079,-1.737089,1.570539,-0.013308,0.002700,0.941958,-0.335456
1403715322.436137,1.377784,-1.679453,1.571981,-0.011683,-0.000468,0.946664,-0.322011
1403715322.546086,1.326516,-1.621549,1.563667,-0.019816,-0.013846,0.952668,-0.303051
1403715322.676335,1.264809,-1.553978,1.533574,-0.025463,-0.008172,0.956896,-0.289196
1403715322.816143,1.194097,-1.494627,1.502673,-0.024495,-0.015881,0.959043,-0.281753
1403715322.926235,1.134326,-1.456205,1.486952,-0.021766,-0.018517,0.960219,-0.277782
1403715323.036110,1.070741,-1.426353,1.486232,-0.019183,-0.020125,0.960178,-0.278001
1403715323.206187,0.969673,-1.397017,1.497625,-0.015606,-0.022905,0.959662,-0.279787
1403715323.336130,0.890758,-1.388020,1.488191,-0.013571,-0.024218,0.959427,-0.280589
1403715323.496058,0.791889,-1.393801,1.475427,-0.012802,-0.029064,0.959064,-0.281403
1403715323.616228,0.717843,-1.409925,1.483849,-0.009054,-0.018296,0.959377,-0.281388
1403715323.676361,0.682884,-1.421411,1.492213,0.003704,-0.013214,0.959827,-0.280257
1403715323.726215,0.654897,-1.432872,1.498299,0.014107,-0.012840,0.959849,-0.279868
1403715323.816344,0.606203,-1.453735,1.510754,0.031583,-0.002643,0.959639,-0.279443
1403715323.966142,0.542520,-1.492242,1.530037,0.062684,0.000112,0.957977,-0.279912
1403715324.086178,0.508366,-1.518305,1.546138,0.070799,0.012257,0.957326,-0.279936
1403715324.196298,0.491281,-1.538150,1.561205,0.061913,0.017837,0.957100,-0.282502
1403715324.286231,0.487634,-1.550492,1.572708,0.048747,0.024573,0.957276,-0.283976
1403715324.406123,0.493006,-1.560035,1.590255,0.029365,0.038238,0.957422,-0.284639
1403715324.476229,0.497638,-1.564434,1.601801,0.006625,0.035628,0.957663,-0.285603
1403715324.606308,0.510495,-1.564374,1.624133,-0.010636,0.029674,0.957864,-0.285486
1403715324.736330,0.520321,-1.556119,1.645144,-0.014268,0.028228,0.957610,-0.286327
1403715324.836064,0.525761,-1.548888,1.658616,-0.009915,0.016736,0.958587,-0.284136
1403715324.946144,0.531322,-1.540275,1.672054,0.002970,0.001425,0.958452,-0.285234
1403715325.066130,0.536381,-1.526989,1.680583,0.016394,0.007481,0.957252,-0.288694
1403715325.136214,0.540433,-1.520835,1.686068,0.020158,0.006616,0.957375,-0.288066
1403715325.226252,0.547560,-1.509910,1.689976,0.023559,0.012623,0.956534,-0.290393
1403715325.306204,0.557843,-1.501701,1.692569,0.021120,0.010671,0.956270,-0.291527
1403715325.396407,0.569651,-1.491497,1.695554,0.016114,0.009308,0.956168,-0.292226
1403715325.436300,0.574955,-1.486826,1.697279,0.011719,0.005415,0.955889,-0.293445
1403715325.506215,0.585136,-1.475495,1.696403,0.002590,0.016497,0.955144,-0.295670
1403715325.586232,0.596670,-1.464093,1.698232,-0.003972,0.018612,0.955419,-0.294641
1403715325.726286,0.614335,-1.437532,1.699202,-0.012988,0.031149,0.955371,-0.293474
1403715325.766263,0.617051,-1.429237,1.698824,-0.016393,0.035890,0.954837,-0.294498
1403715325.836233,0.622556,-1.414337,1.699449,-0.018878,0.031468,0.955569,-0.292475
1403715326.016392,0.624263,-1.367393,1.697263,-0.021240,0.023395,0.956258,-0.290812
1403715326.096220,0.620676,-1.344233,1.694417,-0.015525,0.016993,0.956669,-0.290265
1403715326.166192,0.614843,-1.321983,1.688654,-0.012811,0.020060,0.957327,-0.288026
1403715326.226224,0.608822,-1.306157,1.685299,-0.010100,0.009642,0.957963,-0.286550
1403715326.306401,0.600367,-1.282061,1.677302,-0.003852,0.004708,0.958380,-0.285432
1403715326.386221,0.592263,-1.257779,1.669984,0.009531,0.009180,0.958492,-0.284814
1403715326.456278,0.586291,-1.237980,1.662221,0.016385,0.003018,0.958988,-0.282957
1403715326.566360,0.579872,-1.206489,1.651922,0.030069,0.001180,0.959400,-0.280439
1403715326.606199,0.577561,-1.193530,1.646753,0.032304,0.008523,0.959176,-0.280830
1403715326.676177,0.576809,-1.172866,1.638497,0.032657,0.009140,0.959820,-0.278559
1403715326.786231,0.581020,-1.138285,1.627030,0.028531,0.007888,0.960509,-0.276670
1403715326.946206,0.592239,-1.085173,1.610248,0.008690,0.011143,0.961504,-0.274428
1403715327.056332,0.603486,-1.045750,1.601024,-0.000353,0.016933,0.962622,-0.270318
1403715327.196345,0.615066,-0.991053,1.589783,-0.011370,0.025244,0.962682,-0.269214
1403715327.336375,0.621917,-0.931906,1.580272,-0.017830,0.028013,0.963345,-0.266202
1403715327.476297,0.618001,-0.866751,1.571902,-0.021516,0.029326,0.963503,-0.265217
1403715327.556252,0.610736,-0.827240,1.566865,-0.024413,0.025944,0.962881,-0.267566
1403715327.636239,0.600244,-0.786733,1.562355,-0.023284,0.017339,0.961414,-0.273569
1403715327.706228,0.589595,-0.749870,1.557432,-0.020632,0.014528,0.959117,-0.281883
1403715327.786218,0.573701,-0.707694,1.550782,-0.018337,0.010700,0.955173,-0.295286
1403715327.826333,0.564724,-0.686775,1.546879,-0.018991,0.010337,0.952938,-0.302394
1403715327.906313,0.545919,-0.644733,1.540769,-0.019273,0.005943,0.947502,-0.319112
1403715327.986259,0.525172,-0.604827,1.533160,-0.013065,0.000920,0.941784,-0.335964
1403715328.036786,0.511876,-0.579222,1.527838,-0.009984,0.003952,0.938793,-0.344315
1403715328.146139,0.482841,-0.527063,1.518833,-0.001526,-0.003594,0.933999,-0.357256
1403715328.186276,0.472519,-0.508722,1.516276,0.004502,-0.005890,0.933153,-0.359404
1403715328.266635,0.453411,-0.471661,1.511259,0.012120,-0.001447,0.931758,-0.362875
1403715328.326397,0.439466,-0.444856,1.508603,0.016105,-0.003313,0.931471,-0.363444
1403715328.366441,0.431942,-0.427945,1.506598,0.020740,-0.006172,0.931375,-0.363418
1403715328.446218,0.418472,-0.393762,1.503722,0.025185,-0.009192,0.932508,-0.360152
1403715328.506301,0.410024,-0.366801,1.501699,0.025359,-0.005229,0.932630,-0.359905
1403715328.566396,0.403527,-0.342878,1.499881,0.022243,-0.007076,0.934359,-0.355567
1403715328.626392,0.399007,-0.319308,1.498555,0.016499,-0.008634,0.934769,-0.354768
1403715328.736350,0.395941,-0.278976,1.496263,0.009172,-0.016559,0.932903,-0.359630
1403715328.926363,0.399662,-0.216242,1.488946,-0.001015,-0.007277,0.919823,-0.392264
1403715329.056443,0.406249,-0.181098,1.482248,-0.001219,-0.004576,0.903070,-0.429467
1403715329.186218,0.414851,-0.150805,1.474603,-0.002656,-0.004336,0.882574,-0.470147
1403715329.296275,0.422616,-0.128559,1.466051,0.005039,0.006550,-0.863819,0.503735
1403715329.466325,0.433062,-0.099104,1.447682,0.011124,0.001307,-0.844273,0.535797
1403715329.656416,0.445219,-0.075288,1.423419,0.013992,0.002387,-0.835119,0.549886
1403715329.836302,0.455546,-0.059814,1.399754,0.008115,-0.000558,-0.834018,0.551677
1403715330.136384,0.468258,-0.043043,1.343374,0.008175,-0.003561,-0.831793,0.555015
1403715330.256452,0.471530,-0.039326,1.316243,0.011937,0.001073,-0.828911,0.559253
1403715330.426335,0.475795,-0.037141,1.282708,0.010005,0.008868,-0.828555,0.559748
1403715330.526343,0.476254,-0.037885,1.272201,0.010839,0.003854,-0.828956,0.559196
1403715330.736350,0.476743,-0.040571,1.290689,0.008743,-0.016786,-0.828965,0.558979
1403715330.996243,0.467990,-0.039408,1.341636,0.018760,-0.033090,-0.808976,0.586610
1403715331.246425,0.436976,-0.026526,1.396961,0.022684,-0.019556,-0.770408,0.636848
1403715331.336412,0.418749,-0.018994,1.423957,0.017988,-0.013644,-0.758864,0.650858
1403715331.436437,0.397688,-0.011199,1.459220,0.012380,-0.003689,-0.750806,0.660397
1403715331.586482,0.359906,0.001420,1.515457,0.006223,-0.002326,-0.743036,0.669219
1403715331.826329,0.297366,0.018557,1.595023,-0.000602,0.003328,-0.741796,0.670617
1403715331.966319,0.262677,0.025943,1.631219,-0.000244,0.006639,-0.743396,0.668819
1403715332.096400,0.230307,0.030772,1.646951,0.009765,0.002317,-0.746911,0.664849
1403715332.206409,0.201527,0.033241,1.648505,0.023040,-0.005112,-0.751807,0.658961
1403715332.296282,0.178254,0.033207,1.649813,0.026484,-0.009548,-0.752699,0.657763
1403715332.476418,0.124094,0.026173,1.657540,0.032730,-0.009723,-0.748303,0.662478
1403715332.606283,0.076985,0.013663,1.664171,0.032441,-0.006520,-0.743892,0.667481
1403715332.786272,0.001289,-0.014365,1.675394,0.027022,-0.007941,-0.739473,0.672597
1403715333.066316,-0.135104,-0.071115,1.691347,-0.006586,-0.030884,-0.721647,0.691541
1403715333.216248,-0.209918,-0.096200,1.698309,-0.022559,-0.031228,-0.712784,0.700325
1403715333.346330,-0.275354,-0.109500,1.697470,-0.019074,-0.025816,-0.711289,0.702167
1403715333.536479,-0.370168,-0.110871,1.689387,-0.013051,-0.017454,-0.708554,0.705320
1403715333.866331,-0.530732,-0.081677,1.663636,0.008812,-0.004438,-0.705793,0.708349
1403715333.986301,-0.587487,-0.068418,1.657990,0.013055,0.002321,-0.697592,0.716372
1403715334.186431,-0.684596,-0.052936,1.656436,0.019793,-0.002127,-0.679731,0.733191
1403715334.356376,-0.767721,-0.048705,1.659765,0.021089,-0.000749,-0.671131,0.741039
1403715334.546502,-0.862566,-0.053680,1.663426,0.018326,0.002772,-0.665307,0.746340
1403715334.716345,-0.947523,-0.066512,1.665175,0.013372,0.003026,-0.662732,0.748731
1403715334.886414,-1.031688,-0.084987,1.664689,0.011532,0.002993,-0.663777,0.747836
1403715335.056447,-1.111737,-0.107787,1.662394,0.008073,0.006681,-0.663277,0.748300
1403715335.116457,-1.139002,-0.118168,1.661307,0.007379,0.007683,-0.662734,0.748779
1403715335.276536,-1.209580,-0.145576,1.658192,0.007683,0.009776,-0.660944,0.750332
1403715335.416405,-1.266298,-0.173601,1.655563,0.006670,0.009962,-0.654125,0.756292
1403715335.536411,-1.312158,-0.199611,1.653516,0.007847,0.008470,-0.645447,0.763718
1403715335.956576,-1.462001,-0.308922,1.641419,0.008282,0.004657,-0.612954,0.790061
1403715336.076400,-1.502898,-0.343406,1.637326,0.005292,0.000379,-0.604532,0.796563
1403715336.206423,-1.545372,-0.380493,1.633405,-0.003558,-0.004666,-0.599971,0.800000
1403715336.356472,-1.593814,-0.421338,1.626741,0.000313,-0.005395,-0.596580,0.802536
1403715336.456475,-1.625271,-0.447864,1.623500,0.003437,-0.001127,-0.594574,0.804033
1403715336.666450,-1.686434,-0.502491,1.620652,0.002611,0.001968,-0.593287,0.804984
1403715336.786399,-1.719724,-0.534224,1.621588,0.004094,0.004762,-0.595100,0.803627
1403715337.026491,-1.778932,-0.598435,1.631121,0.003669,-0.001877,-0.594218,0.804294
1403715337.156429,-1.804300,-0.634600,1.642111,0.001199,0.005106,-0.588007,0.808839
1403715337.356501,-1.838646,-0.691705,1.661576,0.010077,0.006653,-0.566279,0.824125
1403715337.566581,-1.871102,-0.762069,1.679086,0.026700,-0.002375,-0.547299,0.836508
1403715337.726584,-1.894373,-0.822023,1.689278,0.020933,-0.003538,-0.536644,0.843542
1403715337.866447,-1.917299,-0.879104,1.698364,0.017256,-0.005917,-0.536307,0.843826
1403715338.066621,-1.945674,-0.963190,1.712317,0.003756,0.001751,-0.540193,0.841531
1403715338.196492,-1.968128,-1.018313,1.720088,0.011325,-0.006694,-0.543076,0.839581
1403715338.356509,-1.992916,-1.086381,1.726510,0.014082,-0.009176,-0.536706,0.843602
1403715338.476408,-2.012503,-1.138466,1.733399,0.012913,-0.005420,-0.526168,0.850265
1403715338.596570,-2.038386,-1.191318,1.741943,0.019071,-0.011201,-0.510956,0.859323
1403715338.786497,-2.076325,-1.276746,1.760059,0.007451,0.001101,-0.470950,0.882128
1403715338.996398,-2.128163,-1.370977,1.774886,0.002386,0.001598,-0.455883,0.890035
1403715339.186451,-2.170373,-1.461001,1.778521,0.004204,0.011495,-0.442131,0.896867
1403715339.346284,-2.199520,-1.534329,1.774975,-0.004404,0.013062,-0.437910,0.898913
1403715339.416400,-2.213824,-1.564516,1.771358,0.002928,0.000802,-0.439373,0.898300
1403715339.536464,-2.231748,-1.619111,1.764671,0.004018,0.002462,-0.439894,0.898037
1403715339.716548,-2.255745,-1.699034,1.750386,-0.001728,0.009605,-0.446292,0.894834
1403715339.836474,-2.268042,-1.749500,1.737458,-0.019136,0.015888,-0.450560,0.892400
1403715339.926425,-2.274008,-1.785718,1.726395,-0.023441,0.018297,-0.450632,0.892215
1403715340.066418,-2.271834,-1.834084,1.708741,-0.034336,0.023771,-0.439836,0.897107
1403715340.166488,-2.263869,-1.862838,1.702333,-0.034236,0.021290,-0.425224,0.904190
1403715340.396523,-2.223848,-1.911498,1.717254,-0.007793,0.006523,-0.370977,0.928587
1403715340.556456,-2.180937,-1.934154,1.742993,-0.002692,0.014375,-0.327719,0.944662
1403715340.726505,-2.132715,-1.958439,1.763244,0.014070,0.009672,-0.304123,0.952480
1403715340.916742,-2.072287,-1.987510,1.780393,0.023343,0.008878,-0.296168,0.954809
1403715341.106531,-2.007199,-2.027574,1.796226,0.018946,0.013286,-0.299681,0.953759
1403715341.196461,-1.977440,-2.052245,1.802916,0.019838,0.009093,-0.303426,0.952605
1403715341.306464,-1.942841,-2.084620,1.812853,0.016388,-0.001350,-0.310728,0.950357
1403715341.416559,-1.909338,-2.118043,1.822763,0.010940,-0.010814,-0.317946,0.947984
1403715341.586520,-1.858875,-2.168247,1.839919,-0.003800,-0.003719,-0.327001,0.945009
1403715341.936586,-1.763636,-2.237011,1.863704,-0.027725,-0.000220,-0.335458,0.941647
1403715342.076524,-1.725284,-2.251470,1.871359,-0.005312,0.003439,-0.332201,0.943187
1403715342.226695,-1.682056,-2.261667,1.878487,0.016535,0.009565,-0.328275,0.944389
1403715342.436608,-1.620185,-2.277820,1.882395,0.017351,0.012378,-0.315406,0.948718
1403715342.626598,-1.555816,-2.300300,1.881501,0.004385,0.019373,-0.283607,0.958735
1403715342.706572,-1.525666,-2.309411,1.880479,-0.008921,0.018417,-0.267629,0.963305
1403715342.816610,-1.480274,-2.322310,1.880613,-0.012481,0.018128,-0.247268,0.968697
1403715342.946639,-1.421811,-2.336138,1.881533,-0.004149,0.014356,-0.229553,0.973181
1403715343.046519,-1.375349,-2.343710,1.880731,-0.001864,0.007527,-0.222407,0.974923
1403715343.156492,-1.321903,-2.351356,1.877231,-0.001386,0.006987,-0.215682,0.976438
1403715343.236539,-1.283016,-2.357256,1.873817,0.001650,0.005544,-0.212281,0.977192
1403715343.496522,-1.152136,-2.375744,1.855623,0.002163,0.016716,-0.210375,0.977475
1403715343.706628,-1.037875,-2.388646,1.839558,-0.007854,0.019545,-0.213625,0.976689
1403715343.826545,-0.969834,-2.394785,1.833262,-0.011517,0.010815,-0.217936,0.975835
1403715344.126570,-0.791192,-2.397247,1.825305,-0.007008,-0.002054,-0.204126,0.978917
1403715344.286575,-0.696453,-2.387328,1.821238,-0.015266,-0.006229,-0.178574,0.983788
1403715344.396698,-0.634418,-2.373010,1.816966,-0.029640,-0.012828,-0.163703,0.985981
1403715344.456595,-0.602122,-2.363415,1.813768,-0.030937,-0.016428,-0.156499,0.987057
1403715344.626767,-0.516023,-2.318454,1.802164,-0.042103,-0.019620,-0.142870,0.988651
1403715344.736707,-0.463197,-2.278753,1.793605,-0.037238,-0.009019,-0.136257,0.989932
1403715344.846651,-0.413614,-2.227456,1.785735,-0.040659,-0.001023,-0.133416,0.990225
1403715344.946615,-0.369902,-2.173097,1.776929,-0.036837,-0.000047,-0.131243,0.990666
1403715345.076552,-0.314533,-2.092073,1.765278,-0.026308,-0.007299,-0.129701,0.991177
1403715345.136632,-0.289950,-2.052594,1.760950,-0.019808,-0.010541,-0.129577,0.991315
1403715345.266714,-0.238837,-1.963142,1.750926,-0.007819,-0.010772,-0.127443,0.991757
1403715345.366658,-0.201837,-1.888304,1.744320,-0.014163,-0.006239,-0.128800,0.991550
1403715345.456634,-0.172087,-1.821353,1.737226,-0.011011,-0.006223,-0.130138,0.991415
1403715345.526699,-0.149922,-1.767586,1.732558,-0.015496,-0.005332,-0.128570,0.991565
1403715345.706657,-0.100064,-1.629385,1.716933,-0.006115,-0.006263,-0.126254,0.991959
1403715345.876739,-0.061278,-1.497161,1.700460,-0.003685,-0.006025,-0.128232,0.991719
1403715346.016592,-0.028856,-1.389322,1.688711,-0.000652,0.014257,-0.128110,0.991657
1403715346.146623,0.002209,-1.290494,1.680639,0.002219,0.026465,-0.130334,0.991114
1403715346.206841,0.017887,-1.245537,1.678185,0.000671,0.026348,-0.130209,0.991136
1403715346.326685,0.051987,-1.157694,1.675205,0.000276,0.019380,-0.130517,0.991257
1403715346.506586,0.106322,-1.031564,1.674387,0.001048,0.002039,-0.136225,0.990675
1403715346.616749,0.138597,-0.959310,1.674945,0.009945,-0.005646,-0.141693,0.989845
1403715346.756643,0.178150,-0.869095,1.677441,0.008004,-0.007083,-0.148622,0.988836
1403715346.856581,0.202369,-0.809094,1.678727,0.013264,-0.008136,-0.155142,0.987770
1403715346.986621,0.233075,-0.736262,1.681911,0.016433,0.003778,-0.159463,0.987060
1403715347.256635,0.286677,-0.604744,1.694374,0.007000,0.011397,-0.154043,0.987974
1403715347.446624,0.323934,-0.521454,1.707301,-0.007730,0.003300,-0.118905,0.992870
1403715347.666614,0.366756,-0.417771,1.725824,-0.027366,-0.004550,-0.080196,0.996393
1403715347.816676,0.393812,-0.343396,1.738383,-0.017747,-0.007406,-0.063808,0.997777
1403715347.946618,0.414866,-0.278325,1.748371,0.006013,-0.005845,-0.043661,0.999011
1403715348.136743,0.439071,-0.189843,1.760490,0.027570,-0.004734,-0.001622,0.999607
1403715348.246641,0.451132,-0.147079,1.767159,0.030261,-0.002764,0.030304,0.999079
1403715348.386761,0.467718,-0.101164,1.773399,0.022971,0.006771,0.069121,0.997321
1403715348.586652,0.494018,-0.055513,1.752330,0.018719,0.013859,0.100117,0.994703
1403715348.806632,0.532366,-0.029761,1.680196,0.030388,0.009597,0.114976,0.992857
1403715348.966701,0.565538,-0.030969,1.626076,0.039943,0.006053,0.129427,0.990766
1403715349.076649,0.591541,-0.038844,1.596115,0.026839,0.004873,0.136800,0.990223
1403715349.326695,0.648066,-0.087628,1.529476,0.022276,-0.010353,0.156832,0.987320
1403715349.556811,0.691338,-0.153429,1.473328,0.009137,-0.017298,0.162406,0.986530
1403715349.696654,0.711080,-0.200045,1.437153,0.006074,-0.010520,0.173298,0.984795
1403715349.866754,0.727086,-0.260359,1.399834,0.011373,-0.003114,0.198999,0.979929
1403715349.946585,0.732084,-0.290303,1.382996,0.014410,-0.001275,0.214129,0.976698
1403715350.086755,0.738603,-0.342376,1.359155,0.005666,-0.000036,0.240924,0.970527
1403715350.306780,0.753979,-0.424732,1.319895,-0.005242,0.019100,0.261959,0.964876
1403715350.336848,0.755760,-0.433536,1.314964,-0.015584,0.021594,0.262944,0.964444
1403715350.426685,0.764047,-0.461248,1.298422,-0.027488,0.027546,0.265628,0.963290
1403715350.596569,0.784607,-0.498796,1.267099,-0.041101,0.028801,0.263876,0.963250
1403715350.796692,0.820888,-0.516320,1.232461,-0.026942,0.029799,0.259705,0.964852
1403715350.976758,0.859933,-0.504606,1.208999,-0.031251,0.018719,0.260368,0.964822
1403715351.266855,0.933164,-0.437385,1.188398,-0.026108,0.018392,0.262753,0.964335
1403715351.426676,0.972725,-0.376511,1.184629,-0.023286,0.008114,0.264471,0.964078
1403715351.796851,1.043175,-0.194022,1.191010,-0.017882,-0.013381,0.270576,0.962439
1403715351.926697,1.056063,-0.120674,1.200279,-0.012619,-0.006740,0.288679,0.957319
1403715352.058478,1.065736,-0.045892,1.212378,-0.002422,0.000969,0.309905,0.950764
1403715352.176644,1.073257,0.023598,1.227099,0.005995,0.006109,0.328579,0.944438
1403715352.306804,1.081989,0.097457,1.242038,0.008837,0.009603,0.344355,0.938749
1403715352.436753,1.093798,0.167917,1.253468,0.018207,0.017490,0.349373,0.936644
1403715352.576881,1.110896,0.236676,1.263134,0.033426,0.017201,0.354642,0.934246
1403715352.726761,1.133331,0.305417,1.268627,0.021449,0.007150,0.356114,0.934169
1403715352.886715,1.157820,0.369047,1.271894,0.007246,-0.008989,0.357043,0.934016
1403715353.206721,1.202327,0.468270,1.289752,0.009492,-0.006615,0.359938,0.932904
1403715353.366818,1.217324,0.505292,1.329446,0.003720,-0.006442,0.364129,0.931319
1403715353.536632,1.227979,0.538905,1.360403,-0.000379,-0.004240,0.370801,0.928703
1403715353.706820,1.235205,0.569845,1.352605,-0.006047,-0.004895,0.375373,0.926841
1403715353.796678,1.237586,0.584415,1.339363,-0.003006,-0.005757,0.378525,0.925568
1403715354.056777,1.234358,0.627062,1.292975,0.000084,-0.002864,0.383721,0.923444
1403715354.216973,1.231309,0.650791,1.263104,0.014102,0.010394,0.386728,0.922028
1403715354.356808,1.230785,0.667979,1.237724,0.015666,0.014410,0.387834,0.921484
1403715354.496854,1.233769,0.684497,1.215452,0.002067,0.012172,0.388735,0.921267
1403715354.676921,1.244965,0.703339,1.195510,-0.001971,0.010285,0.388387,0.921437
1403715354.806795,1.256806,0.718344,1.202619,-0.002527,0.010126,0.388787,0.921269
1403715355.016757,1.282717,0.741852,1.254707,0.006371,0.010572,0.390175,0.920658
1403715355.146775,1.301723,0.756094,1.291845,0.004768,0.009190,0.394725,0.918741
1403715355.296821,1.327343,0.770392,1.328276,0.001500,0.010215,0.410662,0.911729
1403715355.486776,1.363242,0.786841,1.368379,0.001390,0.008410,0.448295,0.893845
1403715355.656932,1.397758,0.801181,1.400464,0.001966,0.005413,0.486832,0.873477
1403715355.776760,1.421806,0.810396,1.419644,0.001083,0.003957,0.505683,0.862710
1403715355.946860,1.455579,0.824636,1.445551,-0.005225,0.004008,0.521142,0.853444
1403715356.186923,1.493368,0.852163,1.477704,-0.023619,-0.002154,0.521578,0.852874
1403715356.356840,1.509688,0.881387,1.497822,-0.029776,-0.001016,0.512005,0.858465
1403715356.446773,1.514402,0.902218,1.505501,-0.030918,0.004864,0.506262,0.861811
1403715356.576682,1.519727,0.937302,1.512060,-0.021111,0.016134,0.501108,0.864977
1403715356.716794,1.523554,0.980567,1.513358,-0.006544,0.021735,0.504452,0.863141
1403715356.816918,1.527602,1.015546,1.513879,-0.003213,0.021485,0.514313,0.857328
1403715356.926761,1.535074,1.056707,1.513289,0.000511,0.023754,0.530647,0.847260
1403715357.096814,1.554341,1.123340,1.522322,0.006331,0.020964,0.567477,0.823098
1403715357.226767,1.575466,1.176728,1.538655,0.006442,0.017496,0.595097,0.803438
1403715357.416857,1.609371,1.256610,1.570063,-0.004798,0.004910,0.618077,0.786088
1403715357.516883,1.627622,1.298444,1.586165,-0.010658,-0.000866,0.622798,0.782310
1403715357.706884,1.657635,1.380334,1.609305,-0.018133,-0.003326,0.627710,0.778229
1403715357.776784,1.665880,1.411424,1.615560,-0.020245,-0.007239,0.629553,0.776660
1403715357.796873,1.667975,1.420968,1.617560,-0.022424,-0.009356,0.629392,0.776708
1403715357.866832,1.673523,1.452841,1.621327,-0.025497,-0.013981,0.629538,0.776426
1403715358.056870,1.675867,1.546251,1.625466,-0.036680,-0.014779,0.629943,0.775634
1403715358.207057,1.666499,1.626315,1.623171,-0.030520,-0.004638,0.628807,0.776949
1403715358.336839,1.650306,1.701248,1.619070,-0.025220,0.004877,0.629085,0.776912
1403715358.516992,1.616906,1.814550,1.612924,-0.031719,-0.007715,0.637559,0.769709
1403715358.656931,1.584902,1.908369,1.603896,-0.024010,-0.012872,0.650308,0.759182
1403715358.726870,1.567672,1.955535,1.599917,-0.011687,-0.011732,0.657552,0.753227
1403715359.026668,1.480224,2.149600,1.577954,0.016231,-0.008818,0.678777,0.734112
1403715359.136781,1.447633,2.214431,1.567788,0.011729,-0.007926,0.683250,0.730047
1403715359.226799,1.423178,2.262028,1.558602,0.017331,-0.007826,0.684884,0.728404
1403715359.336743,1.391902,2.315966,1.547537,0.014074,-0.014405,0.684933,0.728327
1403715359.476656,1.350969,2.377370,1.536101,0.005371,-0.021888,0.683991,0.729142
1403715359.737004,1.264619,2.466173,1.530523,0.003330,-0.021822,0.680669,0.732259
1403715359.916938,1.195244,2.510860,1.535782,0.004846,-0.013406,0.678854,0.734135
1403715360.106841,1.120852,2.547569,1.545558,0.003629,-0.002264,0.679373,0.733781
1403715360.226804,1.073282,2.566131,1.550722,0.001951,-0.002306,0.678946,0.734182
1403715360.376853,1.018157,2.588025,1.557477,0.012069,0.008447,0.675287,0.737408
1403715360.536855,0.965427,2.607891,1.565676,0.021129,0.017687,0.658509,0.752068
1403715360.636799,0.939675,2.619136,1.571007,0.027886,0.024474,0.642052,0.765763
1403715360.896891,0.894005,2.641841,1.592657,0.009006,0.006951,0.587620,0.809057
1403715361.026973,0.881642,2.650797,1.604100,0.004159,0.003663,0.556502,0.830828
1403715361.126922,0.873285,2.657681,1.614048,-0.001769,0.003085,0.531084,0.847312
1403715361.326861,0.858647,2.672266,1.633205,-0.004453,0.004198,0.478222,0.878217
1403715361.476982,0.845600,2.687216,1.643404,-0.008743,0.002620,0.439311,0.898289
1403715361.657013,0.827383,2.711326,1.648401,-0.015830,-0.000099,0.407600,0.913023
1403715361.836819,0.808099,2.744838,1.644508,-0.014952,0.010260,0.381185,0.924321
1403715362.076865,0.784603,2.807013,1.630130,-0.015419,0.015346,0.333008,0.942673
1403715362.176961,0.777138,2.839307,1.621236,-0.018674,0.014382,0.306750,0.951498
1403715362.246978,0.772555,2.863786,1.613878,-0.020143,0.010807,0.288718,0.957141
1403715362.356922,0.767203,2.906068,1.600771,-0.022646,0.010990,0.254700,0.966693
1403715362.436939,0.764103,2.939879,1.590832,-0.024125,0.011040,0.230055,0.972816
1403715362.556921,0.760374,2.995056,1.576966,-0.022401,0.009608,0.191064,0.981275
1403715362.616922,0.758719,3.024375,1.570203,-0.020593,0.010219,0.172176,0.984798
1403715362.716862,0.757859,3.078219,1.561075,-0.023244,0.010326,0.144943,0.989113
1403715362.836847,0.758186,3.142459,1.552137,-0.005516,0.013032,0.107285,0.994128
1403715363.027004,0.763013,3.239860,1.545861,0.038295,0.001584,0.057577,0.997605
1403715363.116924,0.765566,3.278898,1.545966,0.048471,-0.000644,0.035836,0.998181
1403715363.226969,0.771259,3.317276,1.550157,0.049878,0.002696,0.012192,0.998677
1403715363.316901,0.775772,3.338474,1.555526,0.053247,0.003519,-0.007387,0.998548
1403715363.416861,0.779943,3.352507,1.563380,0.050139,0.003459,-0.027963,0.998345
1403715363.536896,0.784616,3.356589,1.574259,0.045355,0.002646,-0.053073,0.997557
1403715363.657154,0.790169,3.350819,1.588194,0.028860,-0.000409,-0.077706,0.996558
1403715363.767005,0.791829,3.337809,1.599028,0.013962,-0.001368,-0.105253,0.994346
1403715363.897034,0.797454,3.316333,1.614466,0.015235,-0.003612,-0.139555,0.990091
1403715364.057189,0.796789,3.285748,1.627122,0.007322,-0.008140,-0.189076,0.981901
1403715364.186999,0.792625,3.259625,1.640762,0.009493,-0.013337,-0.225260,0.974161
1403715364.466959,0.771635,3.199879,1.675445,0.017079,-0.007059,-0.260024,0.965425
1403715364.597008,0.755877,3.165743,1.695366,0.028691,-0.007237,-0.263761,0.964134
1403715364.757033,0.731541,3.119864,1.722980,0.015167,-0.004684,-0.269156,0.962966
1403715364.887033,0.709388,3.080964,1.746402,-0.000224,0.001218,-0.280940,0.959725
1403715365.126879,0.667632,3.010360,1.787076,-0.009332,0.010346,-0.312587,0.949787
1403715365.356977,0.633170,2.955209,1.822723,-0.011925,0.001814,-0.342350,0.939495
1403715365.516915,0.611982,2.926269,1.843581,-0.009473,-0.002972,-0.365158,0.930893
1403715365.656991,0.593100,2.906206,1.859609,-0.002912,-0.008572,-0.392103,0.919877
1403715365.826904,0.566371,2.885813,1.876459,0.013858,-0.014797,-0.431589,0.901842
1403715365.946902,0.543526,2.874050,1.886949,0.016469,-0.016271,-0.454352,0.890521
1403715366.146948,0.491029,2.851594,1.899108,0.030967,-0.023042,-0.478603,0.877182
1403715366.316976,0.431021,2.829174,1.904520,0.029636,-0.024069,-0.487818,0.872110
1403715366.526906,0.338093,2.796612,1.911189,0.015002,-0.010288,-0.489678,0.871714
1403715366.667023,0.269569,2.773206,1.914492,0.011162,-0.001593,-0.486892,0.873390
1403715366.806929,0.201499,2.747757,1.918597,0.008253,0.009826,-0.482918,0.875571
1403715366.957088,0.131398,2.717267,1.923820,0.011253,0.016783,-0.478795,0.877694
1403715367.127105,0.057536,2.675817,1.932638,0.018168,0.016571,-0.474555,0.879882
1403715367.296962,-0.009378,2.624457,1.943726,0.021868,0.016262,-0.469451,0.882538
1403715367.457116,-0.067514,2.564722,1.953541,0.025520,0.018469,-0.465418,0.884530
1403715367.736954,-0.159218,2.430731,1.971877,0.026830,0.016581,-0.459844,0.887439
1403715368.136932,-0.271064,2.189459,1.999574,0.011279,-0.000799,-0.459616,0.888046
1403715368.536947,-0.398956,1.928000,2.000642,0.028746,-0.022086,-0.462371,0.885945
1403715368.736982,-0.481436,1.796846,1.995922,0.009017,-0.011435,-0.466292,0.884511
1403715369.127103,-0.667647,1.550204,1.985437,0.008864,0.005035,-0.451463,0.892231
1403715369.317067,-0.756323,1.434210,1.981745,0.006911,0.012539,-0.416293,0.909118
1403715369.467134,-0.820162,1.341270,1.980675,0.004786,0.016204,-0.381131,0.924367
1403715369.617137,-0.877573,1.246434,1.979992,0.007698,0.018127,-0.340532,0.940026
1403715369.807008,-0.940021,1.126318,1.979691,0.001392,0.020221,-0.300011,0.953721
1403715370.027141,-0.990450,0.989050,1.973582,-0.013029,0.032969,-0.279501,0.959491
1403715370.317052,-1.020021,0.821230,1.961121,-0.011579,0.015135,-0.274969,0.961264
1403715370.447070,-1.022514,0.751511,1.956573,0.003355,0.006422,-0.278041,0.960542
1403715370.597081,-1.022815,0.674028,1.953573,0.010735,0.000994,-0.282719,0.959142
1403715370.787137,-1.022476,0.574997,1.952602,0.006165,0.002246,-0.286872,0.957946
1403715370.917105,-1.023697,0.506952,1.951715,0.000906,0.007155,-0.289465,0.957161
1403715371.106998,-1.020883,0.404637,1.948088,0.008659,0.026462,-0.292187,0.955956
1403715371.187184,-1.014838,0.360789,1.945690,0.006371,0.038745,-0.293954,0.955013
1403715371.297035,-1.001752,0.297949,1.940238,0.008085,0.045494,-0.293718,0.954775
1403715371.457108,-0.970226,0.203724,1.931293,0.005182,0.039630,-0.293749,0.955047
1403715371.627034,-0.925208,0.095193,1.920070,0.017769,0.013268,-0.291341,0.956362
1403715371.797048,-0.876073,-0.020929,1.908316,0.028521,-0.003145,-0.290888,0.956327
1403715371.997076,-0.817872,-0.166191,1.892656,0.018043,0.006788,-0.287800,0.957496
1403715372.197062,-0.764451,-0.317195,1.880003,0.013986,0.002732,-0.283784,0.958782
1403715372.317317,-0.730560,-0.407692,1.878476,0.009426,0.003872,-0.275764,0.961171
1403715372.567146,-0.659581,-0.594874,1.895975,-0.001810,0.004957,-0.243755,0.969822
1403715372.677085,-0.629602,-0.676392,1.910222,-0.001359,-0.000330,-0.234079,0.972217
1403715372.747085,-0.609485,-0.727323,1.917975,-0.000678,-0.000180,-0.229278,0.973361
1403715372.876963,-0.572301,-0.819231,1.931067,-0.001522,0.001957,-0.225102,0.974332
1403715373.007133,-0.536662,-0.909745,1.942375,0.002793,0.001927,-0.222559,0.974913
1403715373.167126,-0.495547,-1.020985,1.953522,0.015410,-0.005140,-0.222886,0.974709
1403715373.317198,-0.456058,-1.123631,1.962167,0.013044,-0.000982,-0.224774,0.974323
1403715373.467143,-0.419217,-1.225105,1.970292,0.004796,-0.002614,-0.228574,0.973511
1403715373.617114,-0.382665,-1.324118,1.974938,-0.004362,0.000580,-0.221328,0.975190
1403715373.757269,-0.349126,-1.408455,1.977596,-0.017824,0.001732,-0.202856,0.979045
1403715373.937187,-0.305547,-1.506832,1.979675,-0.012802,-0.001362,-0.163292,0.986494
1403715374.007067,-0.287351,-1.540536,1.979936,-0.011254,0.000058,-0.143081,0.989647
1403715374.247226,-0.226817,-1.641521,1.983520,-0.007078,0.000848,-0.072128,0.997370
1403715374.427142,-0.180518,-1.704363,1.985375,-0.002806,0.005160,-0.023092,0.999716
1403715374.537101,-0.149656,-1.737457,1.988233,-0.004075,0.015374,-0.003842,0.999866
1403715374.767138,-0.078123,-1.795689,1.993427,-0.004277,0.024338,0.009187,0.999652
1403715375.027217,0.028313,-1.835651,1.998504,-0.015881,0.015989,0.006674,0.999724
1403715375.157214,0.089919,-1.846133,2.000577,-0.017977,0.010527,0.003275,0.999778
1403715375.347203,0.184487,-1.850671,1.998722,-0.009300,0.005100,-0.006344,0.999924
1403715375.507347,0.267298,-1.842613,1.992478,-0.007280,0.008913,-0.012668,0.999854
1403715375.687121,0.361951,-1.825688,1.982600,-0.006054,0.008221,-0.020259,0.999743
1403715375.857233,0.450792,-1.805540,1.970255,-0.006840,0.001738,-0.026788,0.999616
1403715376.117231,0.585243,-1.763882,1.950800,-0.010554,-0.004070,-0.029352,0.999505
1403715376.427222,0.727424,-1.704007,1.919323,-0.000699,-0.024732,-0.024030,0.999405
1403715376.597361,0.789632,-1.666864,1.899806,-0.007505,-0.018755,-0.022068,0.999552
1403715376.707242,0.825317,-1.639886,1.886410,-0.012378,-0.009255,-0.018671,0.999706
1403715376.867251,0.866946,-1.594025,1.867722,-0.017455,-0.011553,-0.013417,0.999691
1403715376.987200,0.888823,-1.556895,1.854548,-0.009627,-0.028695,-0.008903,0.999502
1403715377.047223,0.898551,-1.535089,1.850371,-0.016690,-0.034064,-0.009109,0.999239
1403715377.167300,0.913068,-1.490536,1.838833,-0.019830,-0.019955,-0.001129,0.999604
1403715377.297279,0.920037,-1.437348,1.827378,-0.021183,-0.014733,0.000987,0.999667
1403715377.587382,0.908238,-1.302626,1.802855,-0.012806,-0.015421,0.007728,0.999769
1403715377.707288,0.895573,-1.241324,1.793294,-0.010035,-0.012225,0.010020,0.999825
1403715377.877198,0.868880,-1.148227,1.779527,-0.010890,-0.009989,0.009271,0.999848
1403715378.057243,0.834230,-1.044924,1.763261,-0.005149,-0.009240,0.011078,0.999883
1403715378.237430,0.790485,-0.942173,1.746185,0.006220,-0.011344,0.011445,0.999851
1403715378.407262,0.747416,-0.850847,1.730410,0.011555,0.001900,0.010962,0.999871
1403715378.527204,0.714999,-0.792754,1.719748,0.013418,0.009721,0.011890,0.999792
1403715378.697260,0.671781,-0.716723,1.710946,0.003624,0.013566,0.011816,0.999832
1403715378.877382,0.635998,-0.642844,1.708335,0.001522,0.024274,0.012127,0.999631
1403715378.977139,0.621111,-0.603615,1.710375,0.002991,0.026883,0.012090,0.999561
1403715379.127295,0.606533,-0.547394,1.717198,0.000319,0.025401,0.010916,0.999618
1403715379.267324,0.601718,-0.494411,1.725113,-0.012158,0.019520,0.011694,0.999667
1403715379.397365,0.600961,-0.444557,1.734725,-0.011535,0.015952,0.008812,0.999767
1403715379.627331,0.615019,-0.340571,1.753542,-0.029734,0.021994,0.008591,0.999279
1403715379.767366,0.629305,-0.270132,1.762857,-0.026376,0.020717,0.011778,0.999368
1403715379.917271,0.650287,-0.183958,1.775533,-0.031936,0.012442,0.009512,0.999367
1403715380.067352,0.673502,-0.086730,1.786711,-0.035998,0.001949,0.009314,0.999307
1403715380.247253,0.701246,0.037410,1.799967,-0.013271,-0.002686,0.007745,0.999878
1403715380.427370,0.727825,0.168260,1.810835,-0.015209,0.002503,0.005299,0.999867
1403715380.487383,0.733835,0.210855,1.813832,-0.012428,0.001940,0.005150,0.999908
1403715380.677351,0.755305,0.347169,1.824150,-0.012626,0.000862,0.008752,0.999882
1403715380.837373,0.768769,0.463260,1.834068,-0.009791,-0.001167,0.007396,0.999924
1403715381.047400,0.781532,0.620710,1.847611,-0.015550,-0.003310,0.008993,0.999833
1403715381.227305,0.785491,0.756145,1.856701,-0.010302,-0.005283,0.004926,0.999921
1403715381.367414,0.783691,0.859170,1.860549,-0.002165,-0.007222,0.001406,0.999971
1403715381.497330,0.778547,0.951754,1.861609,0.004997,-0.010261,-0.002081,0.999933
1403715381.627377,0.769680,1.044044,1.859911,-0.004663,-0.011552,-0.005745,0.999906
1403715381.757493,0.758041,1.133530,1.856098,-0.012166,-0.001864,-0.008424,0.999889
1403715381.957489,0.740022,1.272263,1.850417,-0.021950,0.017738,-0.012637,0.999522
1403715382.127486,0.730643,1.393898,1.845796,-0.016343,0.023950,-0.037915,0.998860
1403715382.267775,0.731207,1.497940,1.844323,-0.014490,0.024187,-0.065900,0.997428
1403715382.367536,0.736589,1.571667,1.843362,-0.008003,0.022523,-0.089707,0.995681
1403715382.507375,0.750447,1.675675,1.841928,-0.005320,0.020499,-0.122278,0.992270
1403715382.697323,0.781056,1.813709,1.837387,-0.000625,0.020021,-0.155001,0.987711
1403715382.867330,0.820842,1.932476,1.831751,-0.001289,0.022030,-0.187371,0.982041
1403715383.027447,0.866103,2.038166,1.824842,0.003086,0.022575,-0.216344,0.976051
1403715383.177275,0.917273,2.129819,1.816807,0.012895,0.023336,-0.234733,0.971694
1403715383.387549,1.001130,2.244106,1.803757,0.020668,0.024110,-0.244442,0.969144
1403715383.627372,1.110060,2.350957,1.787514,0.014953,0.012841,-0.255116,0.966709
1403715383.937314,1.254556,2.452798,1.759559,0.015104,0.004130,-0.316076,0.948605
1403715384.257469,1.392062,2.528067,1.739532,0.015802,0.002512,-0.405189,0.914093
1403715384.407364,1.450560,2.554946,1.735520,0.012072,0.005004,-0.445434,0.895220
1403715384.557474,1.501729,2.572860,1.732148,0.018345,0.004151,-0.479765,0.877195
1403715384.797425,1.570021,2.582416,1.729188,0.024590,0.011522,-0.535086,0.844361
1403715385.007393,1.618463,2.569611,1.734793,0.024278,0.009584,-0.572080,0.819783
1403715385.147502,1.644136,2.549252,1.739313,0.016661,0.009666,-0.586574,0.809667
1403715385.217422,1.657651,2.537328,1.744003,0.009534,0.015333,-0.594098,0.804190
1403715385.387297,1.683621,2.498732,1.752730,0.008466,0.016356,-0.607178,0.794352
1403715385.587375,1.711672,2.445400,1.769101,0.014625,0.004762,-0.611888,0.790795
1403715385.877445,1.730631,2.351304,1.796898,0.028151,-0.017395,-0.607269,0.793807
1403715386.177326,1.713610,2.252880,1.831553,-0.003046,-0.010899,-0.607094,0.794550
1403715386.457346,1.671315,2.177328,1.849891,-0.005516,-0.008368,-0.609332,0.792852
1403715386.717324,1.612331,2.130745,1.851818,0.004923,-0.026665,-0.609398,0.792401
1403715386.837355,1.575988,2.114419,1.849208,0.017686,-0.024591,-0.608538,0.792946
1403715386.997292,1.512120,2.096155,1.841947,0.038302,-0.025054,-0.607421,0.793060
1403715387.157348,1.431635,2.076545,1.829673,0.032948,-0.016131,-0.606755,0.794042
1403715387.357418,1.309106,2.047296,1.808609,0.020991,-0.009232,-0.604318,0.796413
1403715387.647390,1.111946,1.995036,1.788056,0.021711,0.004121,-0.599926,0.799750
1403715387.807366,0.999629,1.956550,1.808545,0.026404,0.010903,-0.595798,0.802626
1403715387.927398,0.915404,1.921146,1.836537,0.028155,0.014977,-0.593326,0.804331
1403715388.217348,0.712738,1.815655,1.836773,0.020154,0.011228,-0.587238,0.809085
1403715388.347396,0.622163,1.760428,1.804849,0.014965,0.006196,-0.586128,0.810057
1403715388.417308,0.573388,1.729324,1.786362,0.013194,0.004010,-0.585836,0.810312
1403715388.627359,0.430965,1.632749,1.731945,0.005313,0.003460,-0.584638,0.811270
1403715389.087431,0.125341,1.412998,1.659584,0.003307,-0.000843,-0.581025,0.813878
1403715389.227489,0.037131,1.347802,1.675165,-0.002486,0.001652,-0.577884,0.816113
1403715389.467513,-0.104352,1.239102,1.701945,-0.004921,0.003046,-0.575543,0.817751
1403715389.697451,-0.226282,1.140742,1.719241,-0.002275,-0.000371,-0.569588,0.821927
1403715389.857354,-0.306432,1.073580,1.724177,0.003617,0.000173,-0.553272,0.832993
1403715390.017401,-0.383337,1.004859,1.723963,0.007495,0.008786,-0.530171,0.847812
1403715390.187441,-0.458772,0.926346,1.717374,0.008813,0.021676,-0.501163,0.865037
1403715390.597458,-0.586476,0.710082,1.686033,-0.016908,0.035092,-0.421000,0.906224
1403715390.787443,-0.612644,0.604423,1.668384,-0.008694,0.024379,-0.383741,0.923078
1403715390.957433,-0.615327,0.510128,1.655325,0.004747,0.025347,-0.362657,0.931566
1403715391.137419,-0.602504,0.407256,1.642554,0.011254,0.027148,-0.345398,0.937996
1403715391.317626,-0.578180,0.294315,1.630926,0.018506,0.019262,-0.325780,0.945068
1403715391.497342,-0.545131,0.169504,1.619688,0.019739,0.016378,-0.316601,0.948212
1403715391.757421,-0.491337,-0.034166,1.612893,0.028624,0.010198,-0.304294,0.952093
1403715391.977471,-0.438893,-0.224784,1.657386,0.012143,0.013034,-0.279984,0.959839
1403715392.237523,-0.362095,-0.466239,1.726725,0.010933,0.022776,-0.260074,0.965258
1403715392.507569,-0.268057,-0.718743,1.789194,0.004324,-0.012862,-0.218466,0.975750
1403715392.657480,-0.214428,-0.853733,1.816783,-0.005781,-0.014457,-0.186748,0.982284
1403715392.827439,-0.161901,-0.998440,1.838619,-0.007460,-0.014396,-0.147889,0.988871
1403715392.937518,-0.130090,-1.087269,1.851627,-0.012001,-0.000031,-0.120950,0.992586
1403715393.247424,-0.045379,-1.309097,1.875453,-0.019481,0.005421,-0.036805,0.999118
1403715393.417483,0.000782,-1.409824,1.881603,-0.026382,-0.003948,0.015826,0.999519
1403715393.617603,0.050827,-1.499200,1.883391,-0.039308,-0.010259,0.079340,0.996019
1403715393.747422,0.077262,-1.544955,1.882307,-0.024111,-0.009820,0.121391,0.992263
1403715393.887602,0.102389,-1.581512,1.879733,-0.009605,0.001907,0.165966,0.986083
1403715393.987558,0.117404,-1.600484,1.877942,-0.006425,0.004415,0.195157,0.980741
1403715394.187596,0.143021,-1.630705,1.872527,-0.002889,0.002724,0.257746,0.966205
1403715394.407482,0.167494,-1.652671,1.865033,0.000961,-0.000331,0.327108,0.944987
1403715394.617422,0.177497,-1.663157,1.859885,-0.010552,-0.016283,0.393051,0.919312
1403715394.757482,0.177829,-1.667621,1.856624,-0.004066,-0.009553,0.439322,0.898270
1403715394.967517,0.164120,-1.669334,1.853135,-0.007279,0.000907,0.509193,0.860621
1403715395.027456,0.157921,-1.668034,1.851489,-0.008521,0.002353,0.530508,0.847634
1403715395.197485,0.137702,-1.663384,1.847509,-0.010505,0.003674,0.585266,0.810765
1403715395.377722,0.109041,-1.649858,1.839291,-0.017903,0.001232,0.632450,0.774394
1403715395.497487,0.087584,-1.636823,1.830364,-0.020390,0.001946,0.659006,0.751858
1403715395.637639,0.061368,-1.618888,1.814070,-0.014338,0.008123,0.684526,0.728803
1403715395.697536,0.047865,-1.608317,1.805856,-0.016636,0.008315,0.693026,0.720673
1403715395.867652,0.010049,-1.577781,1.779439,-0.016409,0.005818,0.718120,0.695702
1403715396.117459,-0.046239,-1.519656,1.740575,0.001316,0.019209,0.731112,0.681986
1403715396.287624,-0.074680,-1.474989,1.719527,0.012344,0.025349,0.730253,0.682595
1403715396.667638,-0.119223,-1.371493,1.678824,-0.003649,-0.003832,0.735631,0.677362
1403715396.777544,-0.133240,-1.343459,1.665684,-0.008821,-0.007322,0.743333,0.668823
1403715396.857432,-0.142514,-1.322693,1.653783,-0.006153,0.000926,0.748411,0.663206
1403715397.117680,-0.181129,-1.251477,1.610702,-0.022139,0.018513,0.758609,0.650907
1403715397.327575,-0.210541,-1.176292,1.571074,-0.013427,0.037814,0.762209,0.646086
1403715397.437565,-0.222695,-1.127963,1.551617,-0.008497,0.041764,0.763306,0.644629
1403715397.637474,-0.230256,-1.019410,1.519580,0.000492,0.045107,0.764189,0.643413
1403715397.787492,-0.224121,-0.927020,1.505548,0.008831,0.032890,0.764552,0.643661
1403715398.017696,-0.197360,-0.776551,1.496889,0.013379,0.007546,0.762991,0.646227
1403715398.157532,-0.173748,-0.689700,1.489041,0.020413,-0.007778,0.760282,0.649225
1403715398.327552,-0.142412,-0.594644,1.474243,0.019432,-0.010454,0.758045,0.651829
1403715398.417631,-0.125123,-0.550444,1.464124,0.017498,-0.006835,0.756659,0.653540
1403715398.527523,-0.106090,-0.502165,1.451939,0.011790,-0.008250,0.753648,0.657121
1403715398.587584,-0.094927,-0.479007,1.445562,0.012482,-0.009217,0.753380,0.657403
1403715398.687541,-0.079995,-0.444740,1.436032,0.011570,-0.020131,0.750811,0.660108
1403715398.837563,-0.062905,-0.405318,1.423131,0.010266,-0.038384,0.747413,0.663170
1403715398.987540,-0.055188,-0.382047,1.414801,0.009267,-0.045036,0.747512,0.662655
1403715399.237647,-0.067303,-0.382452,1.406832,0.013154,-0.031975,0.750747,0.659684
1403715399.387544,-0.090443,-0.405126,1.404394,0.005812,-0.031245,0.751625,0.658825
1403715399.597462,-0.137609,-0.454940,1.402179,-0.011488,-0.020623,0.752583,0.658074
1403715399.787625,-0.194544,-0.505467,1.403710,-0.022101,0.005060,0.750647,0.660315
1403715399.917578,-0.241721,-0.537168,1.408107,-0.026996,0.011186,0.747934,0.663130
1403715400.107654,-0.323025,-0.570887,1.420279,-0.031332,0.005678,0.738436,0.673572
1403715400.157695,-0.345411,-0.577208,1.423805,-0.027149,0.006607,0.733820,0.678769
1403715400.327664,-0.436911,-0.588588,1.438064,-0.038305,-0.005505,0.712495,0.700609
1403715400.447501,-0.510566,-0.590108,1.447637,-0.042479,-0.009826,0.692185,0.720402
1403715400.567597,-0.590622,-0.584803,1.455994,-0.036309,-0.002905,0.669321,0.742080
1403715400.697653,-0.684246,-0.571468,1.461274,-0.027027,0.013020,0.640659,0.767240
1403715400.787613,-0.752013,-0.557228,1.463472,-0.027519,0.017186,0.617149,0.786177
1403715400.907536,-0.842279,-0.532453,1.464035,-0.014847,0.026154,0.585750,0.809934
1403715401.107589,-0.982167,-0.474147,1.460781,-0.012821,0.041882,0.551377,0.833106
1403715401.267616,-1.080578,-0.410687,1.462168,-0.014204,0.044535,0.536086,0.842868
1403715401.367586,-1.137246,-0.361379,1.466246,-0.022104,0.037036,0.532657,0.845232
1403715401.577533,-1.236506,-0.240194,1.481283,-0.009825,0.031423,0.528494,0.848299
1403715401.897704,-1.349773,-0.030786,1.512736,0.018246,0.016705,0.512315,0.858441
1403715402.037646,-1.385534,0.059183,1.525031,0.007629,0.007704,0.507077,0.861833
1403715402.197926,-1.418999,0.153737,1.536419,0.008689,-0.011033,0.507280,0.861667
1403715402.327677,-1.444929,0.224392,1.543504,0.007492,-0.018349,0.500635,0.865432
1403715402.427572,-1.467657,0.277588,1.546744,-0.005199,-0.020522,0.489707,0.871630
1403715402.567711,-1.503769,0.345677,1.548434,-0.015184,-0.029146,0.470739,0.881660
1403715402.687630,-1.541891,0.400865,1.549262,-0.019757,-0.036570,0.458584,0.887678
1403715402.827579,-1.593664,0.462251,1.551482,-0.006903,-0.024072,0.449085,0.893138
1403715402.987604,-1.660974,0.529840,1.553928,0.003059,-0.000953,0.442044,0.896988
1403715403.217688,-1.746556,0.621725,1.560515,0.009719,0.035617,0.435988,0.899195
1403715403.335542,-1.779540,0.668107,1.567285,0.002287,0.038200,0.435594,0.899329
1403715403.457670,-1.808320,0.723993,1.575321,-0.004047,0.031622,0.431117,0.901733
1403715403.627697,-1.829899,0.803939,1.584911,-0.006286,0.027332,0.411609,0.910929
1403715403.787787,-1.833836,0.885309,1.591265,-0.003511,0.036513,0.380500,0.924053
1403715403.907777,-1.826489,0.948814,1.596272,0.000522,0.040443,0.354420,0.934211
1403715404.057730,-1.803999,1.032516,1.603917,0.004335,0.038567,0.319020,0.946953
1403715404.187724,-1.775532,1.108845,1.613246,-0.007804,0.024459,0.289475,0.956841
1403715404.337620,-1.733949,1.199177,1.620553,-0.019676,0.012073,0.261331,0.964973
1403715404.537593,-1.676034,1.328428,1.623313,-0.026754,0.001603,0.242379,0.969811
1403715404.627640,-1.650915,1.390814,1.622181,-0.023673,-0.000428,0.238809,0.970778
1403715404.777745,-1.612664,1.497476,1.615974,-0.008729,-0.001911,0.235729,0.971778
1403715404.967764,-1.570181,1.637159,1.603698,0.000865,-0.002012,0.219920,0.975515
1403715405.187794,-1.527982,1.788705,1.585545,0.020509,-0.001868,0.175178,0.984321
1403715405.367833,-1.496772,1.899220,1.571486,0.020976,0.003541,0.118111,0.992773
1403715405.507737,-1.471800,1.972999,1.559580,0.022554,0.011063,0.071056,0.997156
1403715405.657744,-1.443437,2.043051,1.547589,0.012047,0.014757,0.020353,0.999611
1403715405.787660,-1.415409,2.098455,1.537302,0.004501,0.021200,-0.019894,0.999567
1403715406.047672,-1.344692,2.199498,1.512655,0.001674,0.017515,-0.100745,0.994757
1403715406.198046,-1.297431,2.254235,1.491933,0.005213,0.009091,-0.148484,0.988859
1403715406.357796,-1.244051,2.309496,1.465367,0.010738,0.007131,-0.195853,0.980549
1403715406.497731,-1.197153,2.352021,1.439715,0.021511,0.010852,-0.234282,0.971870
1403715406.627773,-1.152071,2.385935,1.414298,0.026967,0.013911,-0.270371,0.962278
1403715406.817862,-1.087240,2.421841,1.375614,0.026736,0.011359,-0.319388,0.947179
1403715406.977634,-1.032571,2.440046,1.345345,0.018262,0.009698,-0.359282,0.933000
1403715407.127609,-0.981419,2.447471,1.321337,0.015602,0.013373,-0.396354,0.917868
1403715407.267706,-0.933442,2.444069,1.302203,0.025033,0.023070,-0.421381,0.906244
1403715407.417720,-0.877828,2.429345,1.286319,0.028126,0.034972,-0.436235,0.898713
1403715407.537613,-0.829047,2.408453,1.278056,0.023342,0.034061,-0.443176,0.895483
1403715407.697779,-0.757821,2.367875,1.271716,0.012939,0.026151,-0.445846,0.894634
1403715407.917809,-0.645563,2.300512,1.275040,-0.005680,0.022061,-0.442471,0.896493
1403715408.087729,-0.550160,2.244870,1.295057,-0.000422,0.016744,-0.440412,0.897639
1403715408.197938,-0.485123,2.209236,1.326259,0.001496,0.011668,-0.438823,0.898497
1403715408.337789,-0.399873,2.162393,1.374999,0.004585,0.008570,-0.437558,0.899138
1403715408.507822,-0.297837,2.106725,1.407654,0.002009,-0.002177,-0.429498,0.903063
1403715408.687784,-0.194770,2.052262,1.401471,-0.007043,-0.016047,-0.405993,0.913708
1403715408.817928,-0.127477,2.017966,1.389956,-0.009722,-0.023982,-0.377831,0.925513
1403715408.977757,-0.053612,1.985422,1.384084,-0.010624,-0.023363,-0.334393,0.942084
1403715409.117786,-0.000062,1.965606,1.387443,-0.008356,-0.023210,-0.292798,0.955856
1403715409.277774,0.049933,1.948884,1.400524,0.001451,-0.018787,-0.254123,0.966988
1403715409.397852,0.078780,1.939894,1.415895,0.003344,-0.016393,-0.236865,0.971398
1403715409.457758,0.090490,1.935960,1.424902,0.001835,-0.016493,-0.230759,0.972870
1403715409.727949,0.129857,1.922302,1.478564,-0.001423,-0.001825,-0.232609,0.972568
1403715409.887939,0.149415,1.915620,1.515191,0.003674,0.016791,-0.241324,0.970292
1403715410.177787,0.200209,1.895867,1.580338,0.004197,0.022903,-0.255792,0.966451
1403715410.347814,0.239588,1.880189,1.592613,-0.002245,0.009916,-0.261476,0.965157
1403715410.517757,0.284436,1.864009,1.583152,-0.009592,0.007396,-0.261935,0.965009
1403715410.707768,0.338157,1.851547,1.573270,-0.016684,0.008325,-0.260468,0.965302
1403715410.927791,0.397613,1.848945,1.562500,-0.013832,-0.015283,-0.252645,0.967339
1403715410.997886,0.415551,1.851032,1.558218,-0.012374,-0.015275,-0.248469,0.968440
1403715411.237789,0.468617,1.865615,1.543500,0.003496,-0.002317,-0.238856,0.971046
1403715411.507905,0.507452,1.886465,1.530039,0.010862,-0.020492,-0.231249,0.972618
1403715411.717838,0.521453,1.898229,1.518620,0.006055,-0.009975,-0.226930,0.973841
1403715411.847740,0.522438,1.906259,1.511802,0.002158,-0.006950,-0.224493,0.974449
1403715412.087832,0.513463,1.921353,1.498069,0.001178,-0.004470,-0.224151,0.974543
1403715412.257853,0.500600,1.932504,1.488371,0.001112,-0.000126,-0.223759,0.974644
1403715412.387821,0.488593,1.940617,1.480692,0.005111,-0.000355,-0.224513,0.974458
1403715412.617701,0.468159,1.954964,1.470148,0.004857,0.006718,-0.224729,0.974386
1403715412.817840,0.452769,1.965591,1.464075,0.003008,0.013874,-0.225781,0.974075
1403715413.017740,0.442144,1.974647,1.461214,0.001851,0.010447,-0.226445,0.973966
1403715413.217874,0.436807,1.983074,1.433963,-0.000261,0.004886,-0.226187,0.974072
1403715413.387725,0.432726,1.990822,1.383379,0.005855,0.001011,-0.227085,0.973857
1403715413.748030,0.414999,1.999984,1.299355,0.003423,-0.004963,-0.227854,0.973677
1403715413.917792,0.401457,2.001671,1.262553,-0.000599,-0.001177,-0.228402,0.973566
1403715414.117821,0.384025,2.008785,1.224949,-0.004797,0.002631,-0.229247,0.973353
1403715414.267884,0.374825,2.016836,1.227585,-0.001988,0.019151,-0.228651,0.973318
1403715414.387959,0.371863,2.024708,1.238817,-0.000057,0.027993,-0.230040,0.972778
1403715414.897859,0.413301,2.062711,1.207561,0.013414,0.001908,-0.233560,0.972248
1403715415.057834,0.429860,2.071129,1.176495,0.027552,-0.004332,-0.236383,0.971260
1403715415.167861,0.437011,2.071706,1.152412,0.036432,-0.006598,-0.241030,0.969811
1403715415.317838,0.442111,2.068261,1.125469,0.027267,-0.007709,-0.244949,0.969122
1403715415.477865,0.443259,2.061242,1.106908,-0.001627,0.000126,-0.249732,0.968314
1403715415.657868,0.440044,2.055044,1.091501,-0.014329,-0.000375,-0.253987,0.967101
1403715415.787904,0.439613,2.053822,1.078924,-0.012974,0.000929,-0.254898,0.966880
1403715415.927862,0.440773,2.059918,1.082908,-0.015030,-0.003360,-0.256808,0.966340
1403715416.077968,0.443116,2.063287,1.080429,-0.021033,0.001229,-0.256268,0.966376
1403715416.287917,0.442594,2.062435,1.079666,-0.015244,0.000823,-0.256162,0.966513
1403715416.417873,0.443804,2.061900,1.080192,-0.017279,0.004918,-0.256576,0.966357
1403715416.597978,0.442654,2.061604,1.079042,-0.014247,0.001149,-0.256450,0.966452
1403715416.877710,0.442828,2.061364,1.078453,-0.012933,0.002315,-0.255870,0.966622
1403715417.067999,0.443152,2.061909,1.078347,-0.016409,0.002687,-0.256666,0.966357
1403715417.288048,0.442125,2.061389,1.077506,-0.013494,-0.000106,-0.255797,0.966636
1403715417.477825,0.443393,2.061536,1.078216,-0.016466,0.003280,-0.256091,0.966507
1403715417.587876,0.443059,2.061549,1.077971,-0.015593,0.002183,-0.256230,0.966488
1403715417.657933,0.442638,2.061564,1.078687,-0.014986,0.000596,-0.256609,0.966399
1403715417.728107,0.442776,2.061225,1.077526,-0.014353,0.000795,-0.255772,0.966630
1403715417.827911,0.443276,2.061295,1.077787,-0.015423,0.003344,-0.256161,0.966505
1403715417.988117,0.442317,2.061533,1.077831,-0.016513,0.001531,-0.255933,0.966552
